{"concentration": [[1.0, 1.0, 1.0, 1.0], [0.9639215686274509, 0.9811764705882353, 1.0, 1.0], [0.927843137254902, 0.9623529411764705, 1.0, 1.0], [0.8878431372549019, 0.9356862745098039, 0.9866666666666667, 1.0], [0.843921568627451, 0.9011764705882352, 0.96, 1.0], [0.8, 0.8666666666666667, 0.9333333333333333, 1.0], [0.8, 0.8, 0.6274509803921569, 1.0], [0.7654901960784314, 0.7654901960784314, 0.611764705882353, 1.0], [0.7309803921568627, 0.7309803921568627, 0.596078431372549, 1.0], [0.6925490196078431, 0.6925490196078431, 0.556078431372549, 1.0], [0.6501960784313725, 0.6501960784313725, 0.49176470588235294, 1.0], [0.6078431372549019, 0.6078431372549019, 0.42745098039215684, 1.0], [0.8862745098039215, 0.6274509803921569, 0.0, 1.0], [0.8776470588235293, 0.5874509803921568, 0.009411764705882354, 1.0], [0.8690196078431373, 0.5474509803921568, 0.018823529411764708, 1.0], [0.8603921568627451, 0.5074509803921569, 0.028235294117647063, 1.0], [0.851764705882353, 0.4674509803921568, 0.037647058823529415, 1.0], [0.8431372549019608, 0.42745098039215684, 0.047058823529411764, 1.0], [0.6078431372549019, 0.0, 0.10980392156862745, 1.0], [0.5338935574229692, 0.0, 0.10084033613445378, 1.0], [0.4599439775910364, 0.0, 0.09187675070028012, 1.0], [0.3859943977591036, 0.0, 0.08291316526610644, 1.0], [0.3103641456582633, 0.0, 0.06722689075630252, 1.0], [0.23305322128851547, 0.0, 0.04481792717086837, 1.0], [0.1557422969187675, 0.0, 0.02240896358543417, 1.0], [0.0784313725490196, 0.0, 0.0, 1.0]], "deposition": [[1.0, 1.0, 1.0, 1.0], [0.9742296918767507, 0.9865546218487394, 1.0, 1.0], [0.9484593837535014, 0.973109243697479, 1.0, 1.0], [0.9226890756302522, 0.9596638655462184, 1.0, 1.0], [0.8941176470588236, 0.9406162464985994, 0.9904761904761905, 1.0], [0.8627450980392157, 0.9159663865546218, 0.9714285714285714, 1.0], [0.8313725490196079, 0.8913165266106443, 0.9523809523809524, 1.0], [0.8, 0.8666666666666667, 0.9333333333333333, 1.0], [0.8, 0.8, 0.6274509803921569, 1.0], [0.7753501400560224, 0.7753501400560224, 0.6162464985994398, 1.0], [0.7507002801120448, 0.7507002801120448, 0.6050420168067226, 1.0], [0.7260504201680673, 0.7260504201680673, 0.5938375350140056, 1.0], [0.6985994397759103, 0.6985994397759103, 0.565266106442577, 1.0], [0.6683473389355743, 0.6683473389355743, 0.519327731092437, 1.0], [0.638095238095238, 0.638095238095238, 0.4733893557422969, 1.0], [0.6078431372549019, 0.6078431372549019, 0.42745098039215684, 1.0], [0.8862745098039215, 0.6274509803921569, 0.0, 1.0], [0.8801120448179272, 0.5988795518207283, 0.006722689075630252, 1.0], [0.8739495798319328, 0.5703081232492997, 0.013445378151260503, 1.0], [0.8677871148459384, 0.5417366946778711, 0.020168067226890754, 1.0], [0.8616246498599439, 0.5131652661064425, 0.026890756302521007, 1.0], [0.8554621848739495, 0.484593837535014, 0.03361344537815125, 1.0], [0.8492997198879552, 0.4560224089635854, 0.04033613445378151, 1.0], [0.8431372549019608, 0.42745098039215684, 0.047058823529411764, 1.0], [0.6078431372549019, 0.0, 0.10980392156862745, 1.0], [0.5431372549019607, 0.0, 0.10196078431372549, 1.0], [0.4784313725490196, 0.0, 0.09411764705882353, 1.0], [0.4137254901960784, 0.0, 0.08627450980392157, 1.0], [0.34901960784313724, 0.0, 0.0784313725490196, 1.0], [0.28137254901960784, 0.0, 0.058823529411764705, 1.0], [0.21372549019607842, 0.0, 0.0392156862745098, 1.0], [0.146078431372549, 0.0, 0.0196078431372549, 1.0], [0.0784313725490196, 0.0, 0.0, 1.0]], "pulse_levels_categorical": ["#ccddee", "#9b9b6d", "#e2a000", "#d76d0c", "#9b001c"]}